arrival stop,track speed (mph),dist (mi),time (min),avg spd (mph)
treasure town,0,0.0,0.0,0.0
serenity river,60,10.56,13.317448390728735,47.576681464078064
waterfall cave,30,9.25,20.831980556709844,26.641729934854332
oran forest,60,16.67,19.42744839072874,51.48385829594176
apple woods,40,13.33,22.449884597979796,35.626018321357954
shaymin village,25,20.28,50.947473224530334,23.88342194395878
